页面,广告位,广告展示逻辑说明,广告格式,广告频次,Android默认开关,iOS默认开关
W01 · Splash,BF01 · 冷启动开屏,每次冷启动在W01检查F1–F6缓存；不足继续请求，最长12秒；六层齐备或超时后按3＋6选最高可用层展示，结束进入原首页。,原生开屏 → App Open（3＋6）,每次合格启动1次；后台阈值30秒,开,开
全局 · 回前台,BF02 · 热启动开屏,后台≥30秒且有真实恢复加载期展示；权限/购买/广告/外部地图回流及实时寻找跳过；结束恢复原页。,原生开屏 → App Open（3＋6）,每次合格启动1次；后台阈值30秒,开,开
W03 · Choose Lost,BF45 · 类型选择中原生,设备类型区后、Continue上方独立槽；进入页即请求，满足广告资格时展示，不阻塞类型选择和Continue。,中原生（3层）,每次页面访问≤1次,开,开
W06 → W07,BF16 · 主动再次扫描完成插页,用户主动再次扫描成功，结果先写入再触发；首次/自动/失败/无权限扫描跳过；结束展示W07。,原生插页 → Interstitial（3＋6）,全局首次触发即展示；曝光后每2次触发1次,开,开
W06 → 来源页,BF17 · 取消扫描返回插页,用户主动取消并结束扫描后返回时触发；扫描过程中不弹；结束返回来源。,原生插页 → Interstitial（3＋6）,全局首次触发即展示；曝光后每2次触发1次,关,关
W06 · Finding Scan,BF46 · 扫描页中原生,雷达/扫描说明下方独立槽；扫描前或扫描中异步请求，加载后静态展示；不延长扫描，扫描完成照常进入W07。,中原生（3层）,每次页面访问≤1次,开,开
W07 · Results,BF18 · 结果页入口插页,普通进入结果页时触发；与同次扫描完成共用事件，不重复累计。,原生插页 → Interstitial（3＋6）,全局首次触发即展示；曝光后每2次触发1次,关,关
W07 · Results,BF19 · 主动刷新成功插页,用户主动刷新获得有效结果后触发；空结果/失败跳过；结束展示刷新结果。,原生插页 → Interstitial（3＋6）,全局首次触发即展示；曝光后每2次触发1次,开,开
W07 → 来源页,BF20 · 结果页返回插页,普通浏览点击实际返回时触发；不续接寻找任务；结束返回来源。,原生插页 → Interstitial（3＋6）,全局首次触发即展示；曝光后每2次触发1次,开,关
W07 · Results,BF47 · 扫描结果中原生,结果列表/空态内容区挂载中原生；与设备卡区分，保留刷新、目标选择和Find。,中原生（3层）,每次页面访问≤1次,开,开
W08 · Guided Finding,BF49 · 寻找预览小原生,免费5秒预览中，在信号数据与Tips/按钮之间静态展示已有缓存；无缓存跳过，不等待或刷新；5秒后照常进入W09，会员不展示。,小原生（3层）,每次页面访问≤1次,开,开
W11 · Quick Find,BF22 · Find Tab入口插页,主动从其他Tab切换到Find触发；重复点击当前Tab不算；结束进入W11。,原生插页 → Interstitial（3＋6）,全局首次触发即展示；曝光后每2次触发1次,开,关
W11 · Quick Find,BF24 · 类型区中原生,类型选择区后挂载中原生，类型区允许滚动，Find Now与Tab固定可用。,中原生（3层）,每次页面访问≤1次,开,开
W12 · Find Nearby,BF25 · Nearby Tab入口插页,主动切换Nearby且已有静态结果时触发；进入即自动扫描时跳过；结束进入W12。,原生插页 → Interstitial（3＋6）,全局首次触发即展示；曝光后每2次触发1次,开,关
W12 · Find Nearby,BF26 · 主动重新扫描完成插页,主动重扫成功、结果先写入后触发；首次/自动/失败/无权限扫描跳过；结束展示最新结果。,原生插页 → Interstitial（3＋6）,全局首次触发即展示；曝光后每2次触发1次,开,开
W12 → 其他Tab,BF27 · Nearby浏览退出插页,空闲结果浏览切换其他Tab触发；与目标入口去重，目标入口优先；结束进入目标Tab。,原生插页 → Interstitial（3＋6）,全局首次触发即展示；曝光后每2次触发1次,开,关
W12 · Find Nearby,BF29 · 隐藏完成插页,仅隐藏操作结束且成功反馈完成后可触发；侧滑/撤销/反馈展示中不弹；结束保留更新列表。,原生插页 → Interstitial（3＋6）,全局首次触发即展示；曝光后每2次触发1次,关,开
W12 · Find Nearby,BF48 · 附近设备中原生,设备列表/空态内容区独立广告卡；保留试用卡、扫描状态、隐藏操作、Find及Tab；操作中不刷新广告。,中原生（3层）,每次页面访问≤1次,开,开
W13 · Saved Devices,BF30 · Devices Tab入口插页,明确免费用户主动切换Devices触发；结束进入W13。,原生插页 → Interstitial（3＋6）,全局首次触发即展示；曝光后每2次触发1次,开,关
W13 · Saved Devices,BF32 · 保存列表中原生,保存列表/空态内容区挂载中原生；有记录时保留设备选择与Find，不冒充设备卡。,中原生（3层）,每次页面访问≤1次,开,开
W13 → W14,BF33 · 设备详情入口插页,普通点击设备详情触发；不从实时寻找恢复进入；结束进入所选设备W14。,原生插页 → Interstitial（3＋6）,全局首次触发即展示；曝光后每2次触发1次,开,关
W13 → W16,BF37 · 隐藏列表入口插页,只有既有独立页面导航时触发；Saved/Hidden分段切换不算；结束进入W16。,原生插页 → Interstitial（3＋6）,全局首次触发即展示；曝光后每2次触发1次,开,关
W14 → W13,BF11 · 设备详情返回插页,普通详情浏览点击返回时触发；不来自实时寻找；结束返回W13。,原生插页 → Interstitial（3＋6）,全局首次触发即展示；曝光后每2次触发1次,开,关
W14 · Device Detail,BF34 · 设备详情中原生,设备信息区后挂载中原生；保留Last Seen、Forget和Find，不遮信息。,中原生（3层）,每次页面访问≤1次,开,开
W14 → W15,BF35 · Last Seen入口插页,普通查看已有历史位置时触发；须无授权流程；结束进入W15。,原生插页 → Interstitial（3＋6）,全局首次触发即展示；曝光后每2次触发1次,开,关
W15 → W14,BF13 · Last Seen返回插页,普通历史位置浏览点击返回时触发；授权/地图外跳回流不算；结束返回W14。,原生插页 → Interstitial（3＋6）,全局首次触发即展示；曝光后每2次触发1次,开,关
W15 · Last Seen,BF50 · 历史位置小原生,地图/位置内容下方、Find上方独立槽；地图不被覆盖，不拦授权和Find；无历史记录时仍可在空态下方展示。,小原生（3层）,每次页面访问≤1次,开,开
W16 · Hidden Devices,BF07 · 隐藏列表中原生,隐藏列表/空态内容区独立挂载中原生；有记录时与设备卡区分，保留Unhide和返回。,中原生（3层）,每次页面访问≤1次,开,开
W16 → 来源页,BF12 · 隐藏列表返回插页,仅实际独立页面的返回触发；Saved/Hidden分段切换不算；结束返回来源。,原生插页 → Interstitial（3＋6）,全局首次触发即展示；曝光后每2次触发1次,开,关
W16 · Hidden Devices,BF39 · Unhide完成插页,仅Unhide结束且成功反馈完成后可触发；不延迟操作反馈；结束保留更新列表。,原生插页 → Interstitial（3＋6）,全局首次触发即展示；曝光后每2次触发1次,关,开
来源页 → W17,BF40 · Settings入口插页,普通菜单进入设置时触发；任务/权限修复/购买恢复来源跳过；结束进入W17。,原生插页 → Interstitial（3＋6）,全局首次触发即展示；曝光后每2次触发1次,开,关
W17 · Settings,BF41 · 法律文档阅读返回插页,普通法律文档阅读返回时触发；首次同意/付费条款/隐私选择返回不算；结束返回W17。,原生插页 → Interstitial（3＋6）,全局首次触发即展示；曝光后每2次触发1次,条件开,关
W19 → 来源页,BF42 · 普通会员推介关闭插页,未发起购买/恢复且无任务待续，主动关闭推介时触发；结束返回原页。,原生插页 → Interstitial（3＋6）,全局首次触发即展示；曝光后每2次触发1次,开,关
