广告位ID,placement_id
BF01,bf_cold_open
BF02,bf_warm_open
BF07,bf_hidden_native
BF11,bf_detail_browse_return
BF12,bf_hidden_browse_return
BF13,bf_last_seen_browse_return
BF16,bf_scan_result
BF17,bf_scan_cancel_return
BF18,bf_candidate_enter
BF19,bf_candidate_refresh_result
BF20,bf_candidate_browse_exit
BF22,bf_quick_tab_enter
BF24,bf_quick_content_native
BF25,bf_nearby_tab_enter
BF26,bf_nearby_rescan_result
BF27,bf_nearby_browse_exit
BF29,bf_hide_complete
BF30,bf_saved_tab_enter
BF32,bf_saved_content_native
BF33,bf_device_detail_enter
BF34,bf_device_detail_native
BF35,bf_last_seen_enter
BF37,bf_hidden_enter
BF39,bf_unhide_complete
BF40,bf_settings_enter
BF41,bf_settings_legal_return
BF42,bf_standard_paywall_close
BF45,bf_choose_lost_medium_native
BF46,bf_finding_scan_medium_native
BF47,bf_results_medium_native
BF48,bf_nearby_medium_native
BF49,bf_guided_small_native
BF50,bf_last_seen_small_native
